{"stats":{"minecraft:used":{"gunscraft:vending_machine":1,"minecraft:zombie_spawn_egg":11},"minecraft:killed":{"minecraft:zombie":10,"minecraft:zombie_horse":1},"minecraft:picked_up":{"gunscraft:assault_expansion_mag":1,"gunscraft:sight_bracket":1,"minecraft:rotten_flesh":7,"gunscraft:laser_sight":1,"gunscraft:flashlight":2,"gunscraft:light_laser_sight":1,"gunscraft:ar_gas_block":1,"pvz_zengarden:zengarden_guide":1,"tombstone:bag_of_seeds":1,"minecraft:golden_boots":1,"tombstone:grave_dust":1,"minecraft:iron_pickaxe":1,"gunscraft:pistol_9mm":1,"gunscraft:triangle_grip":1},"minecraft:custom":{"minecraft:time_since_rest":9010,"minecraft:play_time":9010,"minecraft:sprint_one_cm":9721,"minecraft:damage_taken":30,"tombstone:undead_killed":11,"minecraft:walk_one_cm":14625,"minecraft:mob_kills":11,"minecraft:damage_dealt_resisted":837,"minecraft:jump":118,"minecraft:leave_game":1,"minecraft:time_since_death":9010,"minecraft:total_world_time":9010,"minecraft:damage_dealt_absorbed":120,"minecraft:fly_one_cm":25811,"minecraft:interact_with_crafting_table":1,"minecraft:fall_one_cm":2884}},"DataVersion":3465}