{
  "minecraft:recipes/decorations/crafting_table": {
    "criteria": {
      "unlock_right_away": "2024-06-16 01:03:34 -0300"
    },
    "done": true
  },
  "lootr:root": {
    "criteria": {
      "always_true": "2024-06-16 01:03:34 -0300"
    },
    "done": true
  },
  "minecraft:adventure/adventuring_time": {
    "criteria": {
      "minecraft:snowy_slopes": "2024-06-16 01:03:35 -0300",
      "minecraft:meadow": "2024-06-16 01:04:02 -0300"
    },
    "done": false
  },
  "parcool:grant_parcool_guide": {
    "criteria": {
      "tick": "2024-06-16 01:03:34 -0300"
    },
    "done": true
  },
  "tombstone:adventure/root": {
    "criteria": {
      "auto": "2024-06-16 01:03:35 -0300"
    },
    "done": true
  },
  "DataVersion": 3465
}